Id,trip_duration
1,673.9932846835028
1,526.5777144460997
1,1494.6719410425924
1,555.5640938456307
1,673.9932846835028
1,673.9932846835028
1,673.9932846835028
1,1078.5375939849623
